523,2023/5/19,3,17,19,27,28,32,35,2,34,-,-,8 g,I,4868222
522,2023/5/12,1,10,12,19,22,25,37,2,34,-,-,4 g,H,1595071
521,2023/5/5,21,24,25,27,30,33,36,3,31,1,6 g,-,J,10281272
520,2023/4/28,9,22,25,28,33,34,37,15,16,1,10 g,2 g,B,9105502
519,2023/4/21,1,2,8,14,17,21,34,20,26,-,-,7 g,A,195759
518,2023/4/14,5,8,11,24,30,32,36,4,35,1,10 g,3 g,D,6388055
517,2023/4/7,3,6,10,16,26,29,31,7,24,-,-,8 g,F,4092661
516,2023/3/31,7,12,15,16,18,25,36,9,19,2,10 g,4 g,C,8049217
515,2023/3/24,3,15,17,22,26,27,28,6,8,-,-,18 g,G,4824155
514,2023/3/17,1,5,10,17,20,27,37,3,22,1,10 g,13 g,E,955300
513,2023/3/10,1,4,10,13,15,19,37,16,20,-,-,18 g,I,747175
512,2023/3/3,5,7,17,22,25,26,28,3,23,1,10 g,13 g,A,6318688
511,2023/2/24,1,9,14,24,28,36,37,16,31,-,-,18 g,H,1536604
510,2023/2/17,3,5,9,11,17,33,37,4,22,-,-,13 g,E,3895288
509,2023/2/10,10,14,22,26,27,32,33,20,37,-,-,8 g ,J,9303028
508,2023/2/3,1,5,6,9,16,26,31,25,33,1,10 g,4 g,B,849823
507,2023/1/27,4,19,25,26,30,32,36,1,15,1,10 g,8 g,F,6003692
506,2023/1/20,8,14,19,22,29,31,37,3,21,2,10 g,13 g,D,8623741
505,2023/1/13,9,10,12,15,16,28,36,1,23,-,-,27 g,C,8753610
504,2023/1/6,1,3,4,5,6,29,31,11,14,1,10 g,21 g,G,325063
503,2022/12/30,5,7,8,13,23,26,33,31,37,-,-,25 g,B,6206037
502,2022/12/23,1,2,12,17,21,22,33,4,30,-,-,19 g,I,265988
501,2022/12/16,1,2,4,7,12,14,31,30,33,1,10 g,13 g,A,57332
500,2022/12/9,17,18,24,30,31,32,35,6,36,-,-,18 g,E,10189466
499,2022/12/2,5,9,14,18,27,32,34,6,12,-,-,13 g,H,6515218
498,2022/11/25,6,8,12,20,21,24,29,4,18,-,-,8 g,F,7134721
497,2022/11/18,18,20,24,26,27,30,33,17,19,-,-,4 g,J,10230946
496,2022/11/11,5,8,15,18,25,27,36,10,26,2,4 g,-,D,6424120
495,2022/11/4,2,16,19,20,22,33,36,6,32,-,-,4 g,C,3505278
494,2022/10/28,7,9,12,22,28,29,32,17,19,2,3 g,-,A,7828320
493,2022/10/21,5,13,14,20,21,25,31,9,36,-,-,4 g,B,6758359
492,2022/10/14,7,10,12,15,23,31,37,9,18,1,3 g,-,I,7902838
491,2022/10/7,3,14,17,21,22,32,35,6,30,1,7 g,-,F,4797118
490,2022/9/30,12,14,18,21,23,29,37,7,15,0,-,4 g,E,9699985
489,2022/9/23,3,6,7,15,25,29,31,8,14,1,3 g,-,G,4029500
488,2022/9/16,3,13,16,18,19,20,35,2,11,1,3 g,-,B,4756081
487,2022/9/9,9,10,13,15,26,34,37,22,36,1,5 g,-,H,8765435
486,2022/9/2,8,13,15,23,24,31,35,14,19,2,10 g,1 g,D,8572458
485,2022/8/26,4,6,17,20,22,24,26,8,9,-,-,16 g,G,5268715
484,2022/8/19,1,4,6,9,13,22,31,29,30,2,10 g,10 g,C,647703
483,2022/8/12,2,11,20,23,25,36,37,29,34,1,10 g,24 g,J,3333313
482,2022/8/5,2,5,14,15,17,19,36,8,34,1,10 g,29 g,I,2622502
481,2022/7/29,1,10,13,14,16,25,27,5,21,-,-,30 g,F,1599017
480,2022/7/22,10,13,19,21,26,30,36,22,34,-,-,27 g,F,9262271
479,2022/7/15,8,11,13,18,24,30,31,21,23,1,10 g,20 g,E,8457769
478,2022/7/8,6,8,11,13,16,20,32,12,34,-,-,25 g,A,7113000
477,2022/7/1,2,5,9,19,25,32,37,7,29,-,-,19 g,H,2563190
476,2022/6/24,4,7,9,15,22,24,31,21,37,1,10 g,14 g,B,5323515
475,2022/6/17,1,2,22,24,26,31,37,12,19,-,-,18 g,I,320734
474,2022/6/10,3,17,19,21,24,32,34,27,28,-,-,13 g,E,4866409
473,2022/6/3,6,11,21,24,28,33,37,8,27,-,-,8 g,D,7430494
472,2022/5/27,5,7,8,32,33,34,36,4,6,-,-,3 g,G,6217073
471,2022/5/20,3,5,7,8,11,19,34,17,32,3,2 g,-,C,3840651
470,2022/5/13,2,3,9,16,27,32,36,1,34,-,-,3 g,J,2121652
469,2022/5/6,1,6,8,13,16,30,33,23,28,1,7 g,-,I,1080775
468,2022/4/29,3,12,15,16,25,29,37,26,28,-,-,3 g,G,4706189
467,2022/4/22,7,8,11,13,14,26,30,31,34,1,3 g,-,H,7706413
466,2022/4/15,5,6,8,14,15,25,29,18,33,1,3 g,-,F,6064111
465,2022/4/8,1,4,5,13,27,31,35,15,22,2,6 g,-,B,628085
464,2022/4/1,7,8,13,17,30,32,36,1,10,-,-,7 g,A,7737257
463,2022/3/25,3,7,13,16,19,24,30,6,10,1,10 g,3 g,E,4272691
462,2022/3/18,7,11,24,27,29,34,35,4,18,-,-,8 g,D,8027884
461,2022/3/11,2,13,19,22,32,35,37,14,33,-,-,4 g,G,3426412
460,2022/3/4,5,6,9,23,27,28,30,4,13,2,1 g,-,A,6093891
459,2022/2/25,2,4,7,8,10,20,29,14,33,2,8 g,-,C,2294058
458,2022/2/18,7,11,12,14,19,21,33,6,37,-,-,12g,J,7966517
457,2022/2/11,7,14,19,27,31,35,36,9,33,-,-,8 g,I,8149925
456,2022/2/4,9,15,17,18,22,25,31,33,36,-,-,4 g,F,9016912
455,2022/1/28,1,5,8,15,18,26,36,33,34,1,3 g,-,B,914505
454,2022/1/21,8,17,21,26,27,29,31,1,33,2,1 g,-,H,8691080
453,2022/1/14,2,8,10,21,24,26,35,9,13,1,3 g,-,C,3013039
452,2022/1/7,5,17,20,21,31,34,35,8,27,3,1 g,-,E,6882823
451,2021/12/24,2,15,22,25,28,33,37,10,17,1,8 g,-,I,3492751
450,2021/12/17,2,7,12,15,21,23,30,9,31,-,-,4 g,A,2916074
449,2021/12/10,2,21,26,27,32,33,34,8,9,1,5 g,-,D,3562253
448,2021/12/3,7,21,24,29,32,36,37,22,27,1,10 g,2 g,B,8250297
447,2021/11/26,3,5,8,13,26,30,37,25,28,-,-,7 g,F,3880097
446,2021/11/19,1,7,9,12,15,29,32,11,28,1,10 g,3 g,B,1241514
445,2021/11/12,4,22,25,27,28,30,33,2,3,1,10 g,8 g,D,6017308
444,2021/11/5,11,15,16,17,18,27,29,25,33,-,-,12 g,I,9536843
443,2021/10/29,1,5,8,26,28,32,36,23,24,1,10 g,8 g,G,922420
442,2021/10/22,6,13,14,16,19,30,32,25,36,-,-,12 g,E,7490825
441,2021/10/15,15,21,22,23,27,28,37,8,25,-,-,8 g,B,10112760
440,2021/10/8,5,10,17,18,19,22,32,14,35,-,-,4 g,H,6613300
439,2021/10/1,1,3,6,9,26,29,31,14,18,4,1 g,-,C,412303
438,2021/9/24,4,13,16,21,32,34,37,27,33,2,1 g,-,F,5866646
437,2021/9/17,8,10,14,15,23,25,26,1,11,2,1 g,-,G,8397277
436,2021/9/10,5,6,21,22,26,31,32,18,36,1,3 g,-,A,6187417
435,2021/9/3,3,5,7,11,15,17,25,13,32,1,3 g,-,I,3850466
434,2021/8/27,10,11,12,17,29,34,37,26,30,1,3 g,-,B,9119178
433,2021/8/20,14,17,20,25,32,33,36,10,34,3,9 g,-,E,10004855
432,2021/8/13,5,10,13,24,29,30,35,21,31,-,-,22 g,D,6590308
431,2021/8/6,7,11,12,17,19,20,26,2,3,-,-,17 g,A,7970504
430,2021/7/30,2,12,17,24,28,30,32,3,27,-,-,12 g,H,3377523
429,2021/7/23,6,11,14,27,30,32,35,18,24,-,-,8 g,J,7401761
428,2021/7/16,3,6,16,22,31,34,35,24,32,-,-,4 g,E,4157836
427,2021/7/9,11,13,26,27,31,33,37,9,18,2,3 g,-,J,9502378
426,2021/7/2,1,2,6,8,30,31,33,13,35,1,10 g,3 g,C,130916
425,2021/6/25,2,9,14,20,22,34,35,7,24,-,-,8 g,I,3157723
424,2021/6/18,5,6,12,19,25,30,35,26,33,-,-,4 g,F,6136902
423,2021/6/11,1,7,9,11,29,31,32,2,6,2,8 g,-,A,1240711
422,2021/6/4,1,9,21,23,30,35,36,5,6,-,-,12 g,D,1565646
421,2021/5/28,9,15,18,26,28,32,34,21,36,-,0,8g,G,9024764
420,2021/5/21,4,5,11,13,24,32,34,2,3,-,-,3g,A,5040527
419,2021/5/14,3,11,14,21,26,29,34,22,33,2,1g,-,B,4649961
418,2021/5/7,10,13,17,18,22,28,37,1,20,1,3g,-,H,9252975
417,2021/4/30,4,5,13,18,23,27,32,9,11,2,2g,-,E,5070438
416,2021/4/23,8,9,10,15,16,30,31,29,36,1,4g,-,J,8268550
415,2021/4/16,4,8,12,13,23,32,37,16,35,6,9g,-,J,5484274
414,2021/4/9,3,8,16,21,25,36,37,14,20,1,10g,49g,C,4418447
413,2021/4/2,3,10,16,18,19,34,35,27,36,1,10g,52g,F,4594800
412,2021/3/26,14,20,22,29,31,33,34,15,24,-,-,55g,A,10034837
411,2021/3/19,4,11,12,21,23,27,36,9,14,1,10g,49g,G,5737834
410,2021/3/12,1,2,18,21,26,29,37,9,36,-,-,50g,D,310991
409,2021/3/5,13,15,16,24,30,31,37,12,33,2,10g,45g,I,9853641
408,2021/2/26,16,18,19,21,29,30,35,14,28,-,-,58g,J,10141593
407,2021/2/19,19,21,25,26,28,30,31,9,16,-,-,51g,A,10254407
406,2021/2/12,1,2,5,16,18,21,29,24,25,-,-,45g,H,116174
405,2021/2/5,3,10,16,17,24,32,36,11,29,1,10g,38g,B,4594355
404,2021/1/29,4,8,13,16,25,30,32,9,26,1,10g,42g,F,5499669
403,2021/1/22,2,6,8,12,19,20,29,5,26,-,-,44g,A,2702306
402,2021/1/15,7,9,12,17,20,26,29,4,13,-,-,37g,C,7824214
401,2021/1/8,4,5,9,14,18,30,35,1,33,-,-,31g,E,5009105
400,2020/12/25,4,17,22,28,30,31,35,25,34,-,-,24g,B,5981483
399,2020/12/18,7,15,19,20,21,33,36,4,10,-,-,18g,D,8173544
398,2020/12/11,3,4,10,17,20,22,33,1,6,-,-,13g,G,3721924
397,2020/12/4,4,12,13,15,21,28,37,7,20,-,-,8g,I,5795909
396,2020/11/27,2,3,5,8,16,20,34,26,31,-,-,4g,J,1999452
395,2020/11/20,1,2,5,20,26,29,32,8,9,2,2g,-,H,120678
394,2020/11/13,6,10,22,23,27,32,33,8,19,-,-,4g,E,7365749
393,2020/11/6,7,14,15,22,27,30,31,9,32,1,3g,-,D,8130879
392,2020/10/30,1,4,6,15,20,22,26,18,21,2,6g,-,B,662202
391,2020/10/23,10,23,27,32,33,35,37,24,26,-,-,8g,F,9404177
390,2020/10/16,3,6,19,21,23,26,27,30,34,-,-,4g,A,4168758
389,2020/10/9,1,6,11,13,18,24,27,17,23,3,7g,-,E,1134048
388,2020/10/2,1,6,8,10,18,21,32,13,28,-,-,18g,C,1074112
387,2020/9/25,3,7,13,22,30,32,37,14,15,-,-,13g,G,4278167
386,2020/9/18,9,19,22,32,35,36,37,7,21,-,-,8g,J,9089860
385,2020/9/11,4,12,14,24,29,34,35,5,15,1,10g,4g,I,5811899
384,2020/9/4,3,7,15,18,26,30,31,9,33,-,-,8g,F,4291679
383,2020/8/28,8,11,15,22,26,28,30,10,20,-,-,4g,H,8476555
382,2020/8/21,2,3,5,8,19,22,37,16,28,1,3g,-,E,2000000
381,2020/8/14,4,8,25,26,27,31,32,9,22,1,3g,-,B,5547142
380,2020/8/7,8,14,24,25,32,34,36,13,16,2,9g,-,D,8631949
379,2020/7/31,3,8,15,22,24,29,35,18,26,-,-,13g,A,4412821
378,2020/7/24,1,5,9,10,14,15,29,20,28,-,-,8g,F,923760
377,2020/7/17,6,7,10,17,25,33,36,27,32,-,-,4g,I,6986320
376,2020/7/10,6,11,14,17,23,31,37,10,15,3,4g,-,G,7396794
375,2020/7/3,13,15,18,19,23,27,32,34,35,1,10g,7g,F,9859653
374,2020/6/26,4,5,9,10,18,27,35,15,34,1,10g,12g,C,5000386
373,2020/6/19,2,3,17,18,22,23,31,4,30,-,-,16g,A,2206116
372,2020/6/12,6,8,22,23,32,33,36,9,27,1,10g,11g,E,7186856
371,2020/6/5,1,3,4,8,11,21,25,12,23,2,10g,15g,H,339069
370,2020/5/29,7,10,16,25,26,33,34,24,35,-,-,29g,E,7942644
369,2020/5/22,1,7,9,11,15,31,34,6,33,-,-,22g,I,1239229
368,2020/5/15,7,8,9,13,21,34,35,3,20,-,-,18g,J,7675181
367,2020/5/8,8,14,19,20,29,30,31,7,35,-,-,13g,B,8622714
366,2020/5/1,10,24,25,26,27,33,36,4,23,-,-,10g,D,9404477
365,2020/4/24,1,4,13,14,16,22,35,10,23,-,-,7g,I,787428
364,2020/4/17,3,9,10,14,16,20,27,19,33,-,-,3g,G,4448055
363,2020/4/10,13,15,17,22,26,34,36,3,19,1,3g,-,F,9857717
362,2020/4/3,4,7,8,14,22,24,27,13,26,1,6g,-,C,5301496
361,2020/3/27,5,9,16,20,29,33,35,2,8,1,10g,2g,A,6530083
360,2020/3/20,9,11,13,14,20,22,37,15,17,-,-,7g,H,8829058
359,2020/3/13,4,7,11,17,19,26,35,1,24,1,10g,3g,B,5358151
358,2020/3/6,5,13,14,26,32,33,34,8,11,-,-,8g,E,6761022
357,2020/2/28,5,8,12,13,14,24,30,27,35,-,-,4g,D,6388984
356,2020/2/21,4,16,20,30,33,34,36,19,21,1,3g,-,C,5962929
355,2020/2/14,4,6,9,10,23,27,33,14,31,1,7g,-,H,5170900
354,2020/2/7,1,2,8,10,13,25,31,23,35,-,-,4g,J,186231
353,2020/1/31,11,15,22,23,24,29,33,19,34,1,3g,-,G,9558737
352,2020/1/24,3,4,14,18,26,30,32,28,34,2,8g,-,I,3770572
351,2020/1/17,8,13,17,19,23,25,28,5,16,1,10g,12g,F,8581093
350,2020/1/10,10,19,21,23,24,30,37,2,28,-,-,17g,D,9383202
349,2019/12/27,4,10,11,15,18,22,34,16,32,2,10g,11g,A,5653242
348,2019/12/20,2,5,17,18,19,20,33,1,24,-,-,25g,B,2644424
347,2019/12/13,3,6,11,13,18,20,34,25,35,-,-,19g,E,4102061
346,2019/12/6,11,16,18,23,30,31,35,3,27,1,10g,14g,C,9570727
345,2019/11/29,6,9,10,18,28,31,32,24,35,1,10g,19g,G,7204447
344,2019/11/22,11,19,28,29,31,32,37,12,21,-,-,23g,I,9618882
343,2019/11/15,17,19,22,29,30,31,32,11,16,-,-,18g,E,10196260
342,2019/11/8,3,6,24,28,32,35,36,4,8,-,-,13g,H,4178150
341,2019/11/1,4,11,17,27,29,31,36,19,24,1,10g,8g,J,5777408
340,2019/10/25,6,14,17,26,27,30,36,12,28,1,10g,13g,D,7548974
339,2019/10/18,11,15,18,20,23,25,32,9,37,1,10g,17g,B,9548616
338,2019/10/11,7,9,16,17,23,27,34,15,36,1,10g,22g,F,7857326
337,2019/10/4,5,7,10,12,14,24,35,11,33,1,10g,26g,I,6240610
336,2019/9/27,9,10,13,21,25,31,33,24,37,-,-,29g,B,8770859
335,2019/9/20,9,10,17,18,22,25,35,13,14,-,-,23g,C,8795519
334,2019/9/13,3,7,15,16,30,34,35,8,29,-,-,17g,A,4289722
333,2019/9/6,1,4,10,11,16,24,34,30,32,-,-,12g,G,743133
332,2019/8/30,5,7,10,15,24,27,30,3,33,-,-,7g,E,6247458
331,2019/8/23,5,7,11,12,15,18,20,19,30,-,-,3g,G,6255683
330,2019/8/16,3,4,10,12,17,18,20,19,32,1,6g,-,H,3713580
329,2019/8/9,3,10,19,20,26,28,30,15,25,-,-,3g,I,4608690
328,2019/8/2,3,9,10,14,19,24,30,18,21,1,3g,-,G,4448630
327,2019/7/26,1,3,13,14,16,30,31,2,17,1,3g,-,D,550172
326,2019/7/19,1,2,17,18,24,27,29,12,32,2,5g,-,G,304913
325,2019/7/12,4,14,17,18,21,31,33,6,20,-,-,7g,J,5902518
324,2019/7/5,9,13,16,17,18,19,20,30,36,-,-,3g,B,8950503
323,2019/6/28,11,14,15,21,26,34,36,23,27,1,3g,-,C,9508402
322,2019/6/21,1,10,11,21,26,29,30,14,20,2,3g,-,A,1583982
321,2019/6/14,15,24,27,28,29,34,35,9,25,-,-,4g,F,10122773
320,2019/6/7,5,6,18,22,26,33,34,36,37,1,3g,-,E,6180168
319,2019/5/31,2,6,14,23,28,31,35,19,27,1,3g,-,D,2799920
318,2019/5/24,4,5,10,12,27,34,36,3,14,2,3g,-,E,5023728
317,2019/5/17,7,8,14,15,16,20,29,18,19,-,-,3g,H,7742214
316,2019/5/10,3,9,10,17,30,33,34,6,8,1,3g,-,G,4453497
315,2019/5/3,3,11,18,26,30,33,37,28,31,3,4g,-,I,4673627
314,2019/4/26,3,6,8,19,32,34,35,12,30,-,-,8g,C,4057745
313,2019/4/19,9,13,16,23,28,29,30,1,20,-,-,4g,B,8955367
312,2019/4/12,1,2,4,18,20,29,34,17,30,1,7g,-,J,82709
311,2019/4/5,9,11,18,24,26,27,37,30,33,-,-,4g,C,8868649
310,2019/3/29,17,25,26,28,31,32,37,6,9,3,9g,-,E,10216410
309,2019/3/22,1,7,13,14,16,21,22,18,34,-,-,22g,J,1301193
308,2019/3/15,5,6,11,15,20,32,33,13,25,-,-,17g,A,6119546
307,2019/3/8,5,8,15,24,25,32,35,20,26,3,10g,12g,F,6427315
306,2019/3/1,12,13,15,22,25,33,35,1,31,-,-,35g,D,9652249
305,2019/2/22,6,17,23,24,27,28,31,10,18,1,10g,29g,H,7624258
304,2019/2/15,7,9,10,17,28,33,36,18,23,-,-,33g,A,7797266
303,2019/2/8,4,7,14,17,21,34,37,10,30,-,-,27g,A,5390592
302,2019/2/1,8,16,26,27,28,32,34,4,25,-,-,22g,G,8679659
301,2019/1/25,4,11,12,25,27,30,33,5,19,-,-,16g,E,5739424
300,2019/1/18,4,7,21,31,33,34,35,6,12,1,10g,11g,I,5425257
299,2019/1/11,1,6,10,13,16,26,36,28,30,-,-,16g,B,1118769
298,2019/1/4,1,3,8,11,18,19,22,26,30,-,-,11g,E,468046
297,2018/12/28,2,3,11,16,23,28,36,8,24,-,-,7g,C,2153882
296,2018/12/21,1,8,10,12,18,28,29,25,27,1,10g,3g,H,1378379
295,2018/12/14,4,5,6,8,9,22,32,13,26,-,-,8g,J,4920184
294,2018/12/7,3,4,6,10,14,22,29,28,32,-,-,4g,F,3618943
293,2018/11/30,11,13,15,20,27,29,35,1,7,3,8g,-,J,9474212
292,2018/11/23,12,15,25,26,27,29,35,24,30,-,-,20g,A,9738887
291,2018/11/16,1,11,18,19,21,29,37,5,15,1,10g,15g,A,1702286
290,2018/11/9,3,13,22,26,31,32,37,29,35,-,-,20g,H,4777897
289,2018/11/2,2,7,10,12,16,17,34,23,25,1,10g,14g,D,2882274
288,2018/10/26,1,8,9,16,27,32,37,17,31,2,10g,19g,I,1368377
287,2018/10/19,2,7,10,20,24,29,34,4,8,-,-,32g,G,2893750
286,2018/10/12,4,5,14,17,18,29,37,27,31,-,-,26g,B,5077741
285,2018/10/5,11,15,21,26,30,34,35,4,36,-,-,20g,F,9558321
284,2018/9/28,6,7,10,25,29,30,33,1,31,-,-,15g,A,6990816
283,2018/9/21,13,14,15,17,23,29,31,10,19,-,-,11g,D,9816844
282,2018/9/14,10,17,18,25,29,35,36,7,14,1,10g,7g,G,9356501
281,2018/9/7,1,2,17,19,20,22,26,30,36,1,10g,12g,J,305272
280,2018/8/31,4,9,10,11,24,32,35,2,37,-,-,17g,C,5550706
279,2018/8/24,7,11,15,17,19,23,31,9,37,-,-,12g,E,7997350
278,2018/8/17,6,9,14,21,23,33,36,27,28,-,-,8g,B,7253317
277,2018/8/10,6,7,9,11,21,23,25,1,22,-,-,4g,I,6958229
276,2018/8/3,3,6,12,17,22,34,35,2,33,1,10g,7 k,H,4121140
275,2018/7/27,8,9,15,19,24,25,35,34,37,-,-,7g,E,8328204
274,2018/7/20,9,14,21,23,25,26,37,7,29,-,-,3g,F,9004841
273,2018/7/13,13,15,21,23,26,32,34,5,9,2,1g,-,I,9869208
272,2018/7/6,2,5,8,15,18,26,31,19,25,2,5g,-,C,2537660
271,2018/6/29,1,9,15,16,19,32,35,14,31,-,-,7g,G,1537905
270,2018/6/22,1,2,11,13,15,24,25,26,28,-,-,3g,J,246596
269,2018/6/15,1,9,15,24,31,33,36,2,26,1,5g,-,E,1543976
268,2018/6/8,4,5,9,15,29,31,33,26,27,1,10g,2g,A,5011562
267,2018/6/1,8,13,18,20,23,25,26,6,28,-,-,7g,D,8585647
266,2018/5/25,6,11,15,17,20,27,32,16,22,-,-,3g,B,7403758
265,2018/5/18,12,13,15,19,21,24,36,10,37,2,9g,-,H,9650143
264,2018/5/11,8,13,15,17,21,26,29,4,24,-,-,14g,I,8568294
263,2018/5/4,1,5,11,16,27,35,36,6,14,-,-,10g,D,969713
262,2018/4/27,2,6,7,9,19,23,36,5,15,-,-,6g,J,2670782
261,2018/4/20,4,14,15,17,21,23,26,7,8,-,-,3g,F,5890636
260,2018/4/13,4,8,12,23,29,31,34,5,6,2,3g,-,G,5494199
259,2018/4/6,5,6,15,19,22,29,32,4,31,-,-,3g,I,6163453
258,2018/3/30,1,3,11,20,23,32,35,25,26,1,3g,-,B,534352
257,2018/3/23,5,15,16,26,27,32,35,23,28,1,3g,-,G,6834192
256,2018/3/16,14,21,24,27,30,33,37,19,20,1,3g,-,E,10040769
255,2018/3/9,1,4,11,13,15,21,32,5,10,2,3g,-,C,762153
254,2018/3/2,1,12,14,18,23,24,31,7,26,-,-,3g,A,1732719
253,2018/2/23,6,7,9,12,15,17,24,26,29,1,3g,-,H,6959449
252,2018/2/16,8,23,24,25,27,30,31,11,17,1,3g,-,C,8729760
251,2018/2/9,1,15,20,26,28,34,37,23,30,1,3g,-,B,1866574
250,2018/2/2,5,9,10,13,26,30,34,18,23,1,4g,-,F,6461331
249,2018/1/26,9,20,28,29,31,34,37,5,25,-,-,2g,D,9098837
248,2018/1/19,1,5,6,22,25,27,31,12,18,1,4g,-,J,870053
247,2018/1/12,10,12,13,16,34,35,36,11,37,-,-,2g,G,9181850
246,2018/1/5,3,6,9,19,23,25,31,21,36,1,1g,-,I,4077799
245,2017/12/29,2,8,9,11,24,26,27,7,36,2,1g,-,A,2982351
244,2017/12/22,2,9,17,22,32,34,36,11,12,1,2g,-,F,3177329
243,2017/12/15,6,9,13,18,20,22,30,11,14,2,5g,-,D,7241985
242,2017/12/8,1,5,13,17,31,32,35,19,24,-,-,7g,E,994219
241,2017/12/1,5,11,12,19,21,26,28,4,20,-,-,4g,H,6642572
240,2017/11/24,9,12,14,24,29,31,35,5,30,-,-,2g,G,8899895
239,2017/11/17,8,13,17,21,23,28,37,1,14,2,1g,-,C,8582372
238,2017/11/10,3,21,26,33,34,35,37,23,31,1,2g,-,B,4907383
237,2017/11/3,3,4,7,19,20,21,29,8,33,1,4g,-,J,3661914
236,2017/10/27,19,22,23,34,35,36,37,10,30,-,-,2g,I,10256641
235,2017/10/20,2,9,13,18,21,33,34,3,11,2,4g,-,A,3147263
234,2017/10/13,7,14,15,16,23,25,30,5,34,-,-,6g,F,8125969
233,2017/10/6,3,13,17,25,26,27,29,8,37,-,-,3g,E,4765043
232,2017/9/29,2,4,7,9,15,35,37,10,23,1,10g,1g,F,2298862
231,2017/9/22,4,15,18,24,25,34,36,10,26,-,-,7g,D,5936244
230,2017/9/15,3,5,8,15,22,25,27,18,31,-,-,5g,H,3883063
229,2017/9/8,2,3,9,30,33,36,37,1,32,-,-,2g,I,2127729
228,2017/9/1,6,11,14,21,24,28,31,22,36,1,2g,-,C,7399870
227,2017/8/25,2,3,7,9,22,23,26,29,30,1,2g,-,J,2062510
226,2017/8/18,12,17,21,24,26,30,32,10,22,2,4g,-,B,9770738
225,2017/8/11,13,15,17,18,20,21,26,25,29,-,-,7g,G,9854564
224,2017/8/4,2,4,7,10,12,29,34,1,21,-,-,5g,E,2300997
223,2017/7/28,10,13,19,21,26,33,34,24,25,-,-,2g,A,9262284
222,2017/7/21,3,9,18,21,23,27,29,35,37,2,2g,-,F,4525251
221,2017/7/14,1,2,9,11,17,30,35,13,36,-,-,2g,D,210239
220,2017/7/7,7,9,11,18,25,28,35,20,27,1,2g,-,H,7813018
219,2017/6/30,6,9,13,14,21,25,31,2,4,1,4g,-,I,7237166
218,2017/6/23,15,16,17,21,26,29,30,10,34,-,-,2g,J,10053140
217,2017/6/16,4,6,26,27,28,35,36,24,34,3,3g,-,C,5286385
216,2017/6/9,9,14,22,24,25,36,37,8,28,-,-,8g,G,9006547
215,2017/6/2,11,12,13,21,29,36,37,7,9,-,-,5g,D,9416192
214,2017/5/26,2,6,9,12,31,36,37,3,22,-,-,2g,A,2723721
213,2017/5/19,5,13,15,18,19,24,35,20,23,1,2g,-,I,6763914
212,2017/5/12,4,6,10,19,20,24,29,1,27,1,4g,-,B,5202587
211,2017/5/5,7,15,22,25,31,32,35,29,36,-,-,2g,E,8181529
210,2017/4/28,2,4,6,11,15,19,36,23,34,3,8193,-,F,2276829
209,2017/4/21,3,4,6,13,22,31,36,28,34,2,1g,-,C,3627280
208,2017/4/14,4,13,16,18,22,26,33,27,29,2,2g,-,H,5864089
207,2017/4/7,4,5,10,13,28,32,33,19,26,-,-,2g,C,5025778
206,2017/3/31,1,6,7,11,27,35,36,22,26,2,4g,-,J,1053933
205,2017/3/24,4,5,19,31,35,36,37,27,32,-,-,5g,G,5108649
204,2017/3/17,5,19,20,21,30,34,36,7,12,-,-,2g,I,6903005
203,2017/3/10,6,13,17,22,32,33,36,12,28,1,2g,-,A,7514415
202,2017/3/3,3,7,11,16,22,34,37,29,32,1,2g,-,F,4249858
201,2017/2/24,8,11,17,24,28,31,32,12,34,1,2g,-,D,8488139
200,2017/2/17,13,14,17,21,27,28,34,1,11,4,6798,-,B,9830938
199,2017/2/10,1,9,17,20,22,28,29,13,16,2,6g,-,E,1552669
198,2017/2/3,18,21,31,32,33,36,37,5,25,-,-,8g,C,10237061
197,2017/1/27,6,8,10,12,16,21,28,14,23,-,-,5g,A,7096038
196,2017/1/20,7,13,15,25,30,32,37,8,14,-,-,2g,G,8098202
195,2017/1/13,4,7,12,20,23,24,31,26,35,4,3g,-,H,5373691
194,2017/1/6,3,6,27,30,31,32,36,14,23,-,-,11g,B,4179257
193,2016/12/30,4,6,20,21,22,24,31,9,10,-,-,8g,A,5278596
192,2016/12/23,12,13,14,19,25,33,34,3,22,-,-,5g,F,9643238
191,2016/12/16,8,15,21,24,26,27,29,7,30,-,-,2g,J,8654778
190,2016/12/9,2,11,12,18,21,33,36,8,34,1,2g,-,I,3283149
189,2016/12/2,3,7,8,10,18,23,35,1,19,2,1g,-,D,4184714
188,2016/11/25,6,15,19,25,26,30,31,14,18,1,4g,-,E,7582029
187,2016/11/18,4,6,10,23,24,32,36,15,31,2,8g,2g,H,5205115
186,2016/11/11,5,14,16,19,31,33,37,21,28,-,-,14g,G,6805234
185,2016/11/4,1,2,4,16,26,29,34,11,12,-,-,10g,C,81115
184,2016/10/28,7,14,18,22,23,26,34,2,32,1,8g,7g,F,8145310
183,2016/10/21,6,15,20,26,33,34,37,19,29,-,-,12g,B,7584759
182,2016/10/14,1,7,10,11,20,23,30,3,37,-,-,8g,A,1257559
181,2016/10/7,7,8,10,13,19,23,24,15,27,-,-,5g,J,7692376
180,2016/9/30,1,8,11,21,23,25,28,5,37,-,-,2g,D,1404733
179,2016/9/23,4,9,12,13,22,26,36,5,33,1,5g,-,C,5582417
178,2016/9/16,6,9,11,15,26,34,36,13,37,-,-,3g,E,7215893
177,2016/9/9,9,15,19,23,25,34,36,2,35,1,8g,3 k,I,9027026
176,2016/9/2,1,11,12,17,22,30,35,15,16,-,-,5g,J,1659109
175,2016/8/26,6,17,21,31,33,35,37,14,18,-,-,2g,H,7622749
174,2016/8/19,10,13,14,15,23,31,32,4,29,3,1g,-,F,9231498
173,2016/8/12,7,9,19,22,24,27,30,4,28,-,-,2g,G,7872661
172,2016/8/5,5,20,21,27,30,31,36,9,26,1,2g,-,D,6912611
171,2016/7/29,1,2,6,21,23,27,28,11,16,1,3g,-,B,152483
170,2016/7/22,3,5,6,9,27,32,36,12,24,1,8g,4g,A,3819147
169,2016/7/15,1,5,10,20,21,28,30,25,26,-,-,5g,C,957887
168,2016/7/8,3,9,12,14,19,20,36,2,5,-,-,2g,I,4476178
167,2016/7/1,1,3,5,7,10,26,36,19,37,2,5g,-,E,371126
166,2016/6/24,14,20,27,29,30,31,37,23,34,-,-,8g,J,10037567
165,2016/6/17,9,11,14,15,16,18,27,6,20,-,-,5g,H,8838727
164,2016/6/10,3,13,20,23,31,35,36,2,11,-,-,2g,D,4774049
163,2016/6/3,1,2,6,16,28,30,31,3,7,1,2g,-,F,148625
162,2016/5/27,2,7,8,12,14,23,27,6,10,1,5g,-,A,2843900
161,2016/5/20,8,14,17,18,20,22,34,4,30,-,-,2g,B,8613577
160,2016/5/13,1,2,8,24,32,36,37,23,33,2,2g,-,F,205152
159,2016/5/6,10,14,17,21,23,27,31,16,24,-,-,2g,G,9288756
158,2016/4/29,3,6,7,30,32,36,37,5,20,1,5g,-,I,4037024
157,2016/4/22,5,9,16,26,28,29,32,1,37,-,-,2g,C,6532080
156,2016/4/15,4,9,16,19,22,33,34,17,36,1,2g,-,E,5622811
155,2016/4/8,2,9,13,18,22,24,26,10,37,1,2g,-,J,3147288
154,2016/4/1,2,4,19,21,24,28,35,3,13,1,2g,-,H,2452672
153,2016/3/25,7,9,10,16,20,28,37,2,33,1,3g,-,D,7795501
152,2016/3/18,8,12,17,21,23,24,31,6,7,1,8g,1g,G,8539820
151,2016/3/11,9,10,13,15,21,22,24,4,8,-,-,6g,B,8764925
150,2016/3/4,6,7,14,20,27,31,34,11,24,1,8g,3g,A,7035955
149,2016/2/26,1,4,15,19,22,23,31,12,32,1,8g,7g,I,810278
148,2016/2/19,1,9,11,16,20,30,34,12,33,-,-,12g,C,1498583
147,2016/2/12,1,5,7,12,15,24,25,8,14,1,8g,8g,E,884814
146,2016/2/5,4,10,25,27,28,33,34,15,35,1,8g,20g,F,5726319
145,2016/1/29,10,12,18,28,29,30,35,4,19,-,-,24g,J,9218509
144,2016/1/22,2,9,13,18,22,32,36,17,26,1,8g,20g,H,3147366
143,2016/1/15,1,3,8,14,28,29,33,4,31,-,-,24g,D,475162
142,2016/1/8,6,12,14,18,21,27,28,1,33,-,-,21g,J,7450658
141,2015/12/25,2,10,18,30,31,32,36,21,29,1,8g,17g,B,3263248
140,2015/12/18,3,11,12,13,17,26,35,1,33,-,-,21g,G,4620673
139,2015/12/11,9,16,18,21,23,34,35,4,36,-,-,17g,C,9043351
138,2015/12/4,2,5,17,20,21,32,33,30,35,1,8g,13g,E,2646302
137,2015/11/27,13,19,21,25,27,32,35,16,20,1,8g,18g,A,9925809
136,2015/11/20,10,17,24,27,30,33,37,18,31,-,-,22g,I,9367144
135,2015/11/13,8,9,13,14,24,32,34,3,4,-,-,18g,F,8306294
134,2015/11/6,4,9,20,28,30,34,35,12,29,-,-,15g,H,5640330
133,2015/10/30,3,7,13,15,17,21,30,14,27,-,-,11g,D,4270995
132,2015/10/23,7,10,14,16,20,30,31,35,37,-,-,8g,E,7923321
131,2015/10/16,3,4,12,17,32,34,36,23,31,-,-,5g,J,3750299
130,2015/10/9,1,15,20,23,25,31,32,5,24,-,-,2g,B,1865750
129,2015/10/2,5,7,11,19,24,27,30,29,35,1,2g,-,G,6266663
128,2015/9/25,2,4,8,23,26,27,32,3,35,1,2g,-,C,2343413
127,2015/9/18,10,12,15,23,28,30,35,6,25,2,1g,-,A,9202900
126,2015/9/11,4,10,13,16,17,21,27,1,18,2,2g,-,D,5677655
125,2015/9/4,1,6,11,14,19,28,35,18,21,-,-,2g,I,1136022
124,2015/8/28,1,2,15,17,18,22,36,6,27,1,7g,-,F,292378
123,2015/8/21,1,3,5,8,29,34,36,23,28,1,8g,5g,E,377701
122,2015/8/14,2,16,18,26,27,34,35,5,12,-,-,9g,H,3504605
121,2015/8/7,2,4,13,16,21,30,37,19,29,1,8g,6g,J,2414314
120,2015/7/31,2,16,18,26,32,35,37,9,36,-,-,11g,C,3504719
119,2015/7/24,3,6,8,14,15,25,36,24,35,1,8g,7g,B,4050358
118,2015/7/17,5,8,9,24,27,28,30,16,20,-,-,12g,D,6355438
117,2015/7/10,9,10,20,28,31,34,37,23,26,-,-,9g,A,8809085
116,2015/7/3,9,14,23,27,28,31,32,3,20,1,8g,5g,I,9008169
115,2015/6/26,6,8,13,14,20,25,27,24,26,1,8g,10g,G,7138762
114,2015/6/19,8,13,26,27,28,29,37,4,12,1,8g,14g,F,8599312
113,2015/6/12,4,6,7,9,15,17,37,14,20,-,-,18g,C,5122432
112,2015/6/5,6,7,10,15,27,35,36,13,20,-,-,15g,E,6983955
111,2015/5/29,7,8,9,24,28,30,33,1,34,1,8g,11g,J,7685548
110,2015/5/22,4,12,22,30,31,35,36,19,37,-,-,15g,H,5843264
109,2015/5/15,6,17,20,21,24,30,32,7,23,-,-,12g,B,7618817
108,2015/5/8,2,6,7,8,28,30,36,18,21,-,-,8g,D,2668308
107,2015/5/1,3,8,9,13,17,27,33,29,31,-,-,5g,G,4330741
106,2015/4/24,6,10,12,19,21,22,30,1,11,-,-,2g,I,7313025
105,2015/4/17,3,15,19,20,26,28,33,17,21,1,2g,-,F,4830090
104,2015/4/10,7,9,11,15,16,22,37,12,13,1,5g,-,A,7808402
103,2015/4/3,2,3,11,12,22,35,36,30,34,-,-,2g,C,2147161
102,2015/3/27,1,4,8,27,28,29,31,13,25,3,2g,-,E,721141
101,2015/3/20,11,12,21,23,28,36,37,3,16,-,-,5g,H,9455119
100,2015/3/13,1,2,11,16,25,35,36,9,14,-,-,2g,J,252645
99,2015/3/6,13,17,22,24,27,28,35,11,19,1,6g,-,C,9906732
98,2015/2/27,3,9,11,13,19,25,33,10,30,-,-,3g,A,4461824
97,2015/2/20,7,13,14,16,22,24,35,1,29,1,8g,1g,G,8084907
96,2015/2/13,9,11,14,21,22,23,24,10,36,-,-,5g,E,8845174
95,2015/2/6,1,8,13,14,18,30,34,26,36,-,-,2g,F,1420420
94,2015/1/30,13,19,20,27,28,29,30,26,36,2,7g,-,B,9924287
93,2015/1/23,2,5,11,14,17,30,32,31,37,2,8g,10g,H,2588959
92,2015/1/16,4,5,15,25,26,29,32,11,27,1,8g,22g,D,5090205
91,2015/1/9,1,5,7,14,15,25,35,18,24,-,-,26g,I,888631
90,2014/12/26,2,8,9,13,14,18,37,11,25,1,8g,22g,J,2985084
89,2014/12/19,1,3,11,26,28,34,36,17,20,-,-,26g,F,536690
88,2014/12/12,3,4,10,14,25,29,30,18,19,-,-,21g,C,3718448
87,2014/12/5,8,9,12,18,20,28,31,13,15,-,-,18g,A,8300224
86,2014/11/28,3,10,20,21,22,26,30,24,35,1,8g,14g,G,4611321
85,2014/11/21,6,7,10,11,22,26,35,14,23,1,8g,18g,E,6975930
84,2014/11/14,8,16,23,28,29,35,36,12,37,-,-,21g,I,8678242
83,2014/11/7,1,11,21,26,28,32,35,18,22,-,-,16g,B,1712768
82,2014/10/31,1,3,16,20,25,27,34,18,37,-,-,12g,H,579891
81,2014/10/24,1,3,10,18,28,31,35,9,21,-,-,8g,D,518181
80,2014/10/17,2,5,10,18,21,24,27,25,34,-,-,5g,F,2579506
79,2014/10/10,2,4,7,9,21,29,37,6,36,-,-,2g,J,2299815
78,2014/10/3,5,6,10,14,24,28,36,7,20,2,2g,-,C,6103427
77,2014/9/26,3,10,23,25,26,28,30,15,29,-,-,2g,A,4617141
76,2014/9/19,4,13,18,29,32,34,36,24,33,1,2g,-,E,5877116
75,2014/9/12,4,9,15,17,19,35,37,10,20,2,4g,-,G,5614688
74,2014/9/5,5,13,14,15,16,24,31,9,11,-,-,5g,I,6752642
73,2014/8/29,12,16,23,25,27,30,32,28,33,-,-,2g,H,9757865
72,2014/8/22,11,12,18,19,20,31,32,9,21,5,1g,-,D,9445184
71,2014/8/15,1,6,13,29,34,35,37,2,15,-,-,2g,B,1168935
70,2014/8/8,9,10,18,21,27,33,35,4,11,3,2g,-,F,8801846
69,2014/8/1,13,17,20,22,28,29,37,11,12,1,8g,4g,J,9902943
68,2014/7/25,2,7,13,15,24,34,35,12,23,1,8g,8g,C,2927067
67,2014/7/18,7,11,15,17,18,25,35,6,33,-,-,12g,A,7997226
66,2014/7/11,1,11,25,28,31,33,37,3,20,-,-,8g,E,1716618
65,2014/7/4,4,7,12,22,23,24,28,25,34,-,-,5g,I,5374703
64,2014/6/27,4,15,16,17,20,29,36,19,26,-,-,2g,G,5922908
63,2014/6/20,4,8,19,24,28,30,32,12,37,1,5g,-,H,5539011
62,2014/6/13,4,10,12,15,27,32,33,9,16,-,-,2g,D,5666835
61,2014/6/6,5,10,11,21,28,31,37,13,14,1,2g,-,F,6565907
60,2014/5/30,3,7,9,15,16,23,34,5,33,1,6g,-,B,4215062
59,2014/5/23,5,8,12,13,21,30,35,27,34,-,-,3g,A,6390257
58,2014/5/16,1,6,7,8,23,32,33,11,34,1,8g,7 k,E,1044876
57,2014/5/9,5,6,12,16,17,20,33,8,32,-,-,5g,J,6132940
56,2014/5/2,4,23,26,27,28,32,36,29,30,-,-,2g,A,6019654
55,2014/4/25,4,12,14,17,23,30,36,13,33,1,5g,-,C,5807444
54,2014/4/18,1,3,5,10,18,22,23,7,35,-,-,2g,I,382874
53,2014/4/11,1,4,14,16,20,33,36,12,30,2,4g,-,G,799903
52,2014/4/4,8,10,22,24,26,32,34,5,9,-,-,5g,B,8434786
51,2014/3/28,1,4,5,8,20,23,35,15,33,-,-,2g,D,614324
50,2014/3/21,3,4,7,8,15,24,29,11,16,2,1g,-,D,3640405
49,2014/3/14,8,11,12,17,24,26,27,14,21,1,2g,-,E,8446136
48,2014/3/7,3,5,24,26,29,30,34,8,35,1,2g,-,F,4007967
47,2014/2/28,2,9,11,14,20,21,36,6,15,2,4g,-,H,3118776
46,2014/2/21,2,5,6,15,23,27,30,4,35,1,8g,5g,J,2487118
45,2014/2/14,1,2,9,18,21,27,33,25,31,-,-,9g,A,221867
44,2014/2/7,3,4,6,15,27,28,29,1,14,-,-,6g,I,3630898
43,2014/1/31,4,6,7,8,24,31,37,5,13,-,-,3g,C,5120585
42,2014/1/24,2,15,16,17,23,31,33,8,26,1,5g,-,G,3470762
41,2014/1/17,2,3,8,15,34,35,36,25,28,-,-,2g,B,2099975
40,2014/1/10,2,6,11,23,26,31,34,7,20,1,2g,-,C,2767707
39,2013/12/27,7,13,19,23,25,26,30,1,18,1,2g,-,F,8115225
38,2013/12/20,4,14,19,22,24,29,34,8,31,1,3g,-,D,5912227
37,2013/12/13,7,8,10,13,14,19,37,29,33,1,8g,3 k,J,7691372
36,2013/12/6,5,6,10,11,20,28,36,25,37,1,8g,5g,E,6096938
35,2013/11/29,1,16,18,19,25,30,34,26,36,-,-,9g,E,1878596
34,2013/11/22,4,6,7,23,24,32,35,8,27,-,-,6g,H,5143338
33,2013/11/15,1,4,17,24,29,33,36,19,30,-,-,3g,F,823942
32,2013/11/8,3,8,15,18,27,29,37,31,34,3,2g,-,A,4410478
31,2013/11/1,9,12,13,19,23,33,34,20,32,1,8g,3g,I,8888395
30,2013/10/25,6,8,13,22,26,32,36,16,34,-,-,7g,G,7146832
29,2013/10/18,2,3,16,17,24,26,28,15,31,-,-,4g,C,2200504
28,2013/10/11,6,7,12,15,19,35,37,1,11,1,8g,6 k,J,7010860
27,2013/10/4,1,10,11,14,17,18,28,25,26,-,-,5g,B,1575827
26,2013/9/27,11,13,16,18,26,31,36,21,27,-,-,2g,D,9478670
25,2013/9/20,1,6,11,16,17,18,21,10,24,2,2g,-,E,1138419
24,2013/9/13,4,5,8,10,16,19,33,2,29,-,-,3g,A,4979440
23,2013/9/6,4,8,11,25,28,29,30,14,32,1,7g,-,F,5482010
22,2013/8/30,2,4,8,9,15,23,25,3,10,-,-,4g,C,2322511
21,2013/8/23,1,9,13,15,25,30,33,19,28,1,8g,1g,H,1520988
20,2013/8/16,2,5,13,20,21,23,28,11,22,-,-,5g,I,2619216
19,2013/8/9,2,14,19,20,21,22,31,1,15,-,-,2g,B,3458386
18,2013/8/2,12,17,21,24,29,31,36,20,26,4,1g,-,G,9770857
17,2013/7/26,2,3,5,22,34,36,37,7,15,-,-,3g,J,2023306
16,2013/7/19,5,6,9,13,16,21,23,8,34,1,2g,-,D,6082965
15,2013/7/12,2,10,14,17,23,25,35,8,29,2,1g,-,G,3236016
14,2013/7/5,4,7,8,9,24,28,30,34,36,2,3g,-,E,5290090
13,2013/6/28,6,10,16,21,27,28,35,15,34,-,-,3g,C,7347560
12,2013/6/21,11,12,14,19,26,27,33,24,32,1,2g,-,A,9423649
11,2013/6/14,9,15,26,29,32,34,36,14,35,1,7g,-,F,9036273
10,2013/6/7,1,2,3,6,24,28,30,16,20,-,-,3g,D,14582
9,2013/5/31,3,4,15,23,27,30,36,13,35,2,3g,-,D,3780811
8,2013/5/24,2,21,28,29,30,32,36,6,8,-,-,4g,B,3562702
7,2013/5/17,1,3,5,7,27,29,33,6,15,3,8g,4 k,H,373955
6,2013/5/10,5,15,19,23,30,34,35,6,25,-,-,20g,J,6845394
5,2013/5/3,1,3,4,5,16,21,28,22,31,-,-,15g,I,328133
4,2013/4/26,12,13,22,23,24,28,29,2,14,-,-,11g,C,9675842
3,2013/4/19,2,7,8,11,14,23,31,5,15,-,-,6g,G,2841604
2,2013/4/12,20,24,29,31,33,34,35,12,32,-,-,2g,E,10274228
1,2013/4/5,7,10,12,17,23,28,34,3,15,1,3g,-,A,7905284